"学年","範囲","英語","日本語","カナ","誤答(意味)","誤答(英語)"
"中1","Unit1 Part1","I'm","I amの短縮形","アイム","you areの短縮形;do notの短縮形;I willの短縮形;I haveの短縮形","I'll;I've;it'll;the"
"中1","Unit1 Part1","you're","you areの短縮形","ユア","I amの短縮形;do notの短縮形;it willの短縮形;we willの短縮形","don't;won't;we've;love"
"中1","Unit1 Part1","love","～が大好きである","ラブ","南アフリカ共和国;呼ぶ、名づける;クラブ、部;私を（に）","low;lady;move;dome"
"中1","Unit1 Part1","call","呼ぶ、名づける","コール","～が大好きである;南アフリカ共和国;クラブ、部;私を（に）","case;club;carry;will"
"中1","Unit1 Part1","club","クラブ、部","クラブ","私を（に）;甘い菓子;～もまた;みなさん","call;clear;cloudy;case"
"中1","Unit1 Part1","Japanese","日本の","ジャパニーズ","その;～から、～出身の;１つの、1人の;曇りの","Spanish;join;apparent;just"
"中1","Unit1 Part1","from ~","～から、～出身の","フロム","日本の;その;１つの、1人の;スペイン(人)の","from now on;French;friend;not ~"
"中1","Unit1 Part1","want to ~","～したい","ウォントゥ","～でない;すばらしい;お互い;重い","with ~;hand in ~;not ~;watch"
"中1","Unit1 Part1","the","その","ザ","日本の;～から、～出身の;１つの、1人の;曇りの","they'll;take;me;tent"
"中1","Unit1 Part1","me","私を（に）","ミー","クラブ、部;甘い菓子;～もまた;みなさん","move;most;no;oh"
"中1","Unit1 Part1","A and B","AとB","エー アンド ビー","甘い菓子;数字;～もまた;みなさん","about ~;a, an;all of 〜;around"
"中1","Unit1 Part1","Call me ~ .","私を～と呼んでください。","コール ミー","あなたはどうですか。;（あなたは）～ですよね?;〜ではないですか。;何回〜ですか。","call;want to ~;all of 〜;hand in ~"
"中1","Unit1 Part1","join","～に加わる、参加する","ジョイン","Aを上下さかさまにする;演ずる、披露する;～に参加する;〜に熱中する","just;JHS;love;call"
"中1","Unit1 Part1","sweet","甘い菓子","スウィート","～もまた;みなさん;クラブ、部;私を（に）","step;sunny;skill;study"
"中1","Unit1 Part1","number","数字","ナンバー","AとB;甘い菓子;～もまた;みなさん","never;me;now;no"
"中1","Unit1 Part1","~, too","～もまた","トゥー","甘い菓子;みなさん;クラブ、部;私を（に）","a, an;in ~;~, don't you?;in total"
"中1","Unit1 Part1","everyone","みなさん","エブリワン","甘い菓子;～もまた;クラブ、部;私を（に）","ever;explode;end;someone"
"中1","Unit1 Part1","South Africa","南アフリカ共和国","サウス アフリカ","～が大好きである;呼ぶ、名づける;クラブ、部;私を（に）","southeast;surfing;suffer from 〜;sign up"
"中1","Unit1 Part2","not ~","～でない","ノット","すばらしい;～したい;お互い;重い","no;now;with ~;never"
"中1","Unit1 Part2","no","いいえ","ノー","ファン;しかし;友達;ラグビー","now;oh;so;not ~"
"中1","Unit1 Part2","don't","do notの短縮形","ドント","you areの短縮形;I amの短縮形;I willの短縮形;I haveの短縮形","won't;dome;hasn't;draw"
"中1","Unit1 Part2","watch","～を（注意して）見る","ウォッチ","～を利用する、～を受ける;～を通して、～によって;〜を映す、反射する;〜を(次の世代へ)渡す","pack;won't;we'll;we've"
"中1","Unit1 Part2","friend","友達","フレンド","あら;いいえ;ファン;しかし","French;fan;ground;around"
"中1","Unit1 Part2","fan","ファン","ファン","いいえ;しかし;友達;ラグビー","flat;friend;but;no"
"中1","Unit1 Part2","often","しばしば、よく","オーフン","～といっしょに;ラグビー;いいえ;ファン","oh;fan;online;friend"
"中1","Unit1 Part2","with ~","～といっしょに","ウィズ","しばしば、よく;ラグビー;いいえ;ファン","will;not ~;in ~;watch"
"中1","Unit1 Part2","but","しかし","バット","いいえ;ファン;友達;ラグビー","bud;fan;art;yet"
"中1","Unit1 Part2","rugby","ラグビー","ラグビー","いいえ;ファン;しかし;友達","reach;sunny;but;recipe"
"中1","Unit1 Part2","great","すばらしい","グレート","～でない;～したい;〜に違いない;お互い","ground;sweet;don't;heavy"
"中1","Unit1 Part2","oh","あら","オー","友達;いいえ;ファン;しかし","no;often;me;so"
"中1","Unit1 Part3","take","～を利用する、～を受ける","テイク","～を（注意して）見る;〜を組み立てる、構成する;～を通して、～によって;〜を(次の世代へ)渡す","the;tent;title;trick"
"中1","Unit1 Part3","draw","（線や絵）をかく","ドロー","（日本の）アニメ;～に所属して;芸術、美術;～について","dome;art;now;wow"
"中1","Unit1 Part3","swimming","水泳","スイミング","学校;授業;今;マンガ","surfing;sweet;someone;ceiling"
"中1","Unit1 Part3","school","学校","スクール","水泳;授業;今;マンガ","so;skill;sweet;sunny"
"中1","Unit1 Part3","art","芸術、美術","アート","～について;～に所属して;マンガ;だから","around;anime;but;now"
"中1","Unit1 Part3","a, an","１つの、1人の","ア、アン","～から、～出身の;日本の;その;スペイン(人)の","A and B;anime;in ~;art"
"中1","Unit1 Part3","now","今","ナウ","水泳;学校;授業;マンガ","no;wow;low;so"
"中1","Unit1 Part3","in ~","～に所属して","イン","芸術、美術;～について;（線や絵）をかく;（日本の）アニメ","in total;injury;with ~;now"
"中1","Unit1 Part3","about ~","～について","アバウト","芸術、美術;～に所属して;マンガ;だから","A and B;around;not ~;in ~"
"中1","Unit1 Part3","How about you ?","あなたはどうですか。","ハウ アバウト ユー","私を～と呼んでください。;〜ではないですか。;（あなたは）～ですよね?;何回〜ですか。","How many times 〜?;~, don't you?;about ~;hear of 〜"
"中1","Unit1 Part3","lesson","授業","レッスン","水泳;学校;今;マンガ","low;so;lately;love"
"中1","Unit1 Part3","comic","マンガ","コミック","だから;うわあ;水泳;学校","compose;complete;collect;call"
"中1","Unit1 Part3","anime","（日本の）アニメ","アニメ","（線や絵）をかく;～に所属して;芸術、美術;～について","art;online;dome;now"
"中1","Unit1 Part3","so","だから","ソー","マンガ;うわあ;水泳;学校","no;now;wow;step"
"中1","Unit1 Part3","wow","うわあ","ワオ","マンガ;だから;水泳;学校","now;low;so;won't"
"中2","Unit1 Talent Show Part1","will","～するでしょう、～するつもりです","ウィル","ウェブサイト、ホームページ;ネットで、オンラインで;（目標に）手が届く;ステップ、段階","we'd;wow;we'll;call"
"中2","Unit1 Talent Show Part1","won't","will notの短縮形","ウォント","we wouldの短縮形;it willの短縮形;I willの短縮形;we willの短縮形","we'd;don't;would;wow"
"中2","Unit1 Talent Show Part1","it'll","it willの短縮形","イトゥル","will notの短縮形;I willの短縮形;we wouldの短縮形;we willの短縮形","I'll;itself;I've;I'm"
"中2","Unit1 Talent Show Part1","I'll","I willの短縮形","アイル","it willの短縮形;will notの短縮形;we wouldの短縮形;we willの短縮形","it'll;I've;I'm;will"
"中2","Unit1 Talent Show Part1","forget-forgot","～を忘れる[原形-過去形]","フォーゲット・フォーゴット","来る[原形-過去形-過去分詞形];[beの過去分詞形];乗る[原形-過去形-過去分詞形];泳ぐ[原形-過去形-過去分詞形]","go-went-gone;portrait;friend;information"
"中2","Unit1 Talent Show Part1","send","～を送る","センド","～を運ぶ;～を移動する;～を招待する;～を決める","step;sunny;we'd;end"
"中2","Unit1 Talent Show Part1","carry","～を運ぶ","キャリー","～を送る;～を移動する;～を招待する;～を決める","call;case;clear;cloudy"
"中2","Unit1 Talent Show Part1","sunny","晴れた","サニー","最低値;最高値;激しく;情報","surfing;study;since;send"
"中2","Unit1 Talent Show Part1","heavy","重い","ヘビー","お互い;痛い;～したい;～でない","hear;health;hard;high"
"中2","Unit1 Talent Show Part1","cloudy","曇りの","クラウディ","日本の;可能な;平らな;明白な","closely;club;clear;carry"
"中2","Unit1 Talent Show Part1","reach","（目標に）手が届く","リーチ","ステップ、段階;ネットで、オンラインで;摂氏～度（℃）;ウェブサイト、ホームページ","recipe;reflect;rugby;heavy"
"中2","Unit1 Talent Show Part1","move","～を移動する","ムーブ","～を招待する;～を送る;～を運ぶ;～を提出する","most;me;love;move to 〜"
"中2","Unit1 Talent Show Part1","invite","～を招待する","インバイト","～を移動する;～を送る;～を運ぶ;～を提出する","injure;injury;I've;online"
"中2","Unit1 Talent Show Part1","website","ウェブサイト、ホームページ","ウェブサイト","ネットで、オンラインで;～するでしょう、～するつもりです;（目標に）手が届く;ステップ、段階","weather;we've;we'd;will"
"中2","Unit1 Talent Show Part1","step","ステップ、段階","ステップ","摂氏～度（℃）;（目標に）手が届く;申し込む;晴れた","study;stage;send;sweet"
"中2","Unit1 Talent Show Part1","low","最低値","ロー","晴れた;最高値;激しく;情報","love;now;wow;lady"
"中2","Unit1 Talent Show Part1","information","情報","インフォメーション","天気;動画;晴れた;最低値","interview;instantly;invite;injury"
"中2","Unit1 Talent Show Part1","high","最高値","ハイ","晴れた;最低値;激しく;情報","hard;hear;half;will"
"中2","Unit1 Talent Show Part1","weather","天気","ウェザー","情報;動画;晴れた;最低値","website;we've;we'd;reach"
"中2","Unit1 Talent Show Part1","online","ネットで、オンラインで","オンライン","（目標に）手が届く;ウェブサイト、ホームページ;ステップ、段階;摂氏～度（℃）","often;invite;anime;oh"
"中2","Unit1 Talent Show Part1","hard","激しく","ハード","晴れた;最低値;最高値;情報","half;high;hear;heavy"
"中2","Unit1 Talent Show Part1","we'd","we wouldの短縮形","ウィド","will notの短縮形;it willの短縮形;I willの短縮形;we willの短縮形","we'll;we've;won't;will"
"中2","Unit1 Talent Show Part1","sign up","申し込む","サイン アップ","晴れた;最低値;最高値;激しく","since;sunny;in ~;step"
"中2","Unit1 Talent Show Part1","~, don't you?","（あなたは）～ですよね?","ドント ユー","私を～と呼んでください。;あなたはどうですか。;〜ではないですか。;何回〜ですか。","~, too;How about you ?;isn't 〜?;be going to ~"
"中2","Unit1 Talent Show Part1","degree","摂氏～度（℃）","ディグリー","ステップ、段階;（目標に）手が届く;申し込む;晴れた","decide;draw;dome;online"
"中2","Unit1 Talent Show Part1","video clip","動画","ビデオ クリップ","情報;天気;晴れた;最低値","sign up;move to 〜;in total;get here"
"中2","Unit1 Talent Show Part2","be going to ~","～するつもり","ビー ゴーイング トゥ","スキル、腕前;パートナー、相棒;～まで（ずっと）;髪を切る","be ready to ~;be able to ~;be into 〜;be dropped on 〜"
"中2","Unit1 Talent Show Part2","partner","パートナー、相棒","パートナー","～まで（ずっと）;～するつもり;スキル、腕前;髪を切る","painter;participant;print;power"
"中2","Unit1 Talent Show Part2","take part in ~","～に参加する","テイク パート イン","演ずる、披露する;〜に熱中する;爆発する;～に加わる、参加する","take a look;take;take-took-taken;hand in ~"
"中2","Unit1 Talent Show Part2","skill","スキル、腕前","スキル","～するつもり;パートナー、相棒;～まで（ずっと）;髪を切る","will;kill;sweet;sunny"
"中2","Unit1 Talent Show Part2","end","終わり","エンド","髪を切る;～するつもり;スキル、腕前;パートナー、相棒","ever;bud;no;send"
"中2","Unit1 Talent Show Part2","until","～まで（ずっと）","アンティル","パートナー、相棒;～するつもり;スキル、腕前;髪を切る","usage;skill;end;often"
"中2","Unit1 Talent Show Part2","hand in ~","～を提出する","ハンド イン","～を移動する;～を招待する;～を紹介する;～を計画する","want to ~;hear of 〜;haven't;hasn't"
"中2","Unit1 Talent Show Part2","get a haircut","髪を切る","ゲット ア ヘアカット","終わり;～するつもり;スキル、腕前;パートナー、相棒","get here;have a haircut;end A with B;Good luck."
"中2","Unit1 Talent Show Part3","introduce","～を紹介する","イントロデュース","～を移動する;～を招待する;～を提出する;～を計画する","injure;interview;invite;injury"
"中2","Unit1 Talent Show Part3","history","歴史","ヒストリー","健康;レシピ、調理法;情報;天気","high;health;hard;hear"
"中2","Unit1 Talent Show Part3","health","健康","ヘルス","歴史;レシピ、調理法;情報;天気","hear;heavy;half;high"
"中2","Unit1 Talent Show Part3","recipe","レシピ、調理法","レシピ","歴史;健康;ステップ、段階;摂氏～度（℃）","recovery;reach;decide;reflect"
"中2","Unit1 Talent Show R&T・T&S","hear","～ということを耳にする、～だそうだ","ヒア","（クラスなどの）総代;AをBとともに終える;ミーティング、会議;～する準備が整う","heavy;health;hard;hear of 〜"
"中2","Unit1 Talent Show R&T・T&S","meeting","ミーティング、会議","ミーティング","～する準備が整う;（クラスなどの）総代;ミラー[人の姓];AをBとともに終える","me;ceiling;behind;memorial"
"中2","Unit1 Talent Show R&T・T&S","through","～を通して、～によって","スルー","～を楽しみにする;～を計画する;～を提案する;～を決める","they'll;thousand;the;trick"
"中2","Unit1 Talent Show R&T・T&S","in total","総計で","イン トータル","初めて;参加者;～できる;題、演目","in ~;instantly;interview;invite"
"中2","Unit1 Talent Show R&T・T&S","be ready to ~","～する準備が整う","ビー レディ トゥ","ミラー[人の姓];ミーティング、会議;舞台、ステージ;（クラスなどの）総代","be able to ~;be going to ~;be into 〜;be dropped on 〜"
"中2","Unit1 Talent Show R&T・T&S","look forward to ~","～を楽しみにする","ルック フォワード トゥ","～を計画する;～を提案する;～を通して、～によって;～を決める","be ready to ~;be going to ~;be able to ~;want to ~"
"中2","Unit1 Talent Show R&T・T&S","each other","お互い","イーチ アザー","重い;～したい;～でない;痛い","end A with B;over there;want to ~;weather"
"中2","Unit1 Talent Show R&T・T&S","be able to ~","～できる","ビー エイブル トゥ","題、演目;千（の）;総計で;初めて","be ready to ~;be going to ~;be into 〜;be affected by 〜"
"中2","Unit1 Talent Show R&T・T&S","for the first time","初めて","フォー ザ ファースト タイム","総計で;参加者;～できる;題、演目","forget-forgot;next time;South Africa;over there"
"中2","Unit1 Talent Show R&T・T&S","plan","～を計画する","プラン","～を提案する;～を決める;～を楽しみにする;～を通して、～によって","pack;pond;print;hear"
"中2","Unit1 Talent Show R&T・T&S","perform","演ずる、披露する","パフォーム","～に参加する;～に加わる、参加する;〜に熱中する;Aを上下さかさまにする","permanent;partner;print;Pozzo"
"中2","Unit1 Talent Show R&T・T&S","title","題、演目","タイトル","～できる;千（の）;総計で;初めて","Miller;take;tent;the"
"中2","Unit1 Talent Show R&T・T&S","thousand","千（の）","サウザンド","～できる;題、演目;総計で;初めて","thousands of 〜;through;they'll;ground"
"中2","Unit1 Talent Show R&T・T&S","success","成功","サクセス","勉強;総計で;初めて;参加者","suggest;surfing;sunny;stage"
"中2","Unit1 Talent Show R&T・T&S","behind","～の後ろに","ビハインド","聴衆、観客;～できる;題、演目;千（の）","been;bombing;bud;meeting"
"中2","Unit1 Talent Show R&T・T&S","study","勉強","スタディ","成功;総計で;初めて;参加者","stage;step;sunny;sweet"
"中2","Unit1 Talent Show R&T・T&S","stage","舞台、ステージ","ステージ","～する準備が整う;ミラー[人の姓];インタビュー;ミーティング、会議","study;step;since;usage"
"中2","Unit1 Talent Show R&T・T&S","president","（クラスなどの）総代","プレジデント","AをBとともに終える;ミーティング、会議;～する準備が整う;ミラー[人の姓]","print;participant;permanent;meeting"
"中2","Unit1 Talent Show R&T・T&S","Miller","ミラー[人の姓]","ミラー","～する準備が整う;ミーティング、会議;舞台、ステージ;（クラスなどの）総代","mirror;title;me;will"
"中2","Unit1 Talent Show R&T・T&S","JHS","Junior High Schoolの略","ジェイ エイチ エス","High Schoolの略;～ということを耳にする、～だそうだ;they willの短縮形;～を通して、～によって","HS;just;join;the"
"中2","Unit1 Talent Show R&T・T&S","interview","インタビュー","インタビュー","～の後ろに;舞台、ステージ;聴衆、観客;～する準備が整う","introduce;invite;injure;injury"
"中2","Unit1 Talent Show R&T・T&S","HS","High Schoolの略","エイチ エス","Junior High Schoolの略;they willの短縮形;～を通して、～によって;we willの短縮形","JHS;hear;high;hard"
"中2","Unit1 Talent Show R&T・T&S","we'll","we willの短縮形","ウィル","they willの短縮形;it willの短縮形;will notの短縮形;I willの短縮形","we've;we'd;will;it'll"
"中2","Unit1 Talent Show R&T・T&S","end A with B","AをBとともに終える","エンド エー ウィズ ビー","（クラスなどの）総代;ミーティング、会議;～する準備が整う;ミラー[人の姓]","entrance hall;each other;end;with ~"
"中2","Unit1 Talent Show R&T・T&S","decide","～を決める","ディサイド","～を計画する;～を提案する;～を楽しみにする;～を通して、～によって","degree;recipe;dome;invite"
"中2","Unit1 Talent Show R&T・T&S","suggest","～を提案する","サジェスト","～を計画する;～を決める;～を楽しみにする;～を通して、～によって","success;survive;stage;surfing"
"中2","Unit1 Talent Show R&T・T&S","participant","参加者","パーティシパント","総計で;初めて;～できる;題、演目","partner;president;portrait;print"
"中2","Unit1 Talent Show R&T・T&S","audience","聴衆、観客","オーディエンス","～の後ろに;～できる;題、演目;千（の）","anime;since;around;success"
"中2","Unit1 Talent Show R&T・T&S","they'll","they willの短縮形","ゼイル","we willの短縮形;will notの短縮形;we wouldの短縮形;it willの短縮形","the;through;we'll;thousand"
"中3","Trick Your Eyes Part1・2","do-did-done","〜をする[原形-過去形-過去分詞形]","ドゥー・ディド・ダン","〜になる[原形-過去形-過去分詞形];持っていく[原形-過去形-過去分詞形];来る[原形-過去形-過去分詞形];〜を知っている[knowの過去分詞形]","go-went-gone;dome;decide;don't"
"中3","Trick Your Eyes Part1・2","come-came-come","来る[原形-過去形-過去分詞形]","カム・ケイム・カム","〜をする[原形-過去形-過去分詞形];〜になる[原形-過去形-過去分詞形];持っていく[原形-過去形-過去分詞形];乗る[原形-過去形-過去分詞形]","become-became-become;complete;compose;comic"
"中3","Trick Your Eyes Part1・2","just","ちょうど","ジャスト","髪を切る;じっくりと;次回(に);〜のすべて","JHS;must;most;but"
"中3","Trick Your Eyes Part1・2","I've","I haveの短縮形","アイブ","has notの短縮形;we haveの短縮形;have notの短縮形;do notの短縮形","I'll;I'm;we've;it'll"
"中3","Trick Your Eyes Part1・2","haven't","have notの短縮形","ハブント","has notの短縮形;we haveの短縮形;I haveの短縮形;will notの短縮形","hasn't;hard;half;don't"
"中3","Trick Your Eyes Part1・2","hasn't","has notの短縮形","ハズント","we haveの短縮形;I haveの短縮形;have notの短縮形;you areの短縮形","haven't;hard;half;don't"
"中3","Trick Your Eyes Part1・2","trick","〜をだます","トリック","〜を片づける;〜を荷造りする;〜を集める;〜を殺す","pack;take;tragedy;title"
"中3","Trick Your Eyes Part1・2","pack","〜を荷造りする","パック","〜を片づける;〜をだます;〜を感動させる;〜を植え替える","plan;trick;pond;take"
"中3","Trick Your Eyes Part1・2","we've","we haveの短縮形","ウィーブ","has notの短縮形;I haveの短縮形;have notの短縮形;you areの短縮形","we'll;we'd;I've;website"
"中3","Trick Your Eyes Part1・2","closely","じっくりと","クロースリー","次回(に);〜のすべて;ちょうど;髪を切る","cloudy;clear;club;case"
"中3","Trick Your Eyes Part1・2","from now on","これからずっと、今後は","フロム ナウ オン","[疑問文で]もう;じっくりと;次回(に);〜のすべて","from ~;friend;all of 〜;French"
"中3","Trick Your Eyes Part1・2","next time","次回(に)","ネクスト タイム","じっくりと;〜のすべて;ちょうど;髪を切る","get here;not ~;never;want to ~"
"中3","Trick Your Eyes Part1・2","all of 〜","〜のすべて","オール オブ","じっくりと;次回(に);ちょうど;髪を切る","hear of 〜;A and B;about ~;a, an"
"中3","Trick Your Eyes Part1・2","take-took-taken","持っていく[原形-過去形-過去分詞形]","テイク・トゥック・テイクン","〜をする[原形-過去形-過去分詞形];〜になる[原形-過去形-過去分詞形];来る[原形-過去形-過去分詞形];〜を知っている[knowの過去分詞形]","take a look;take;take part in ~;come-came-come"
"中3","Trick Your Eyes Part1・2","become-became-become","〜になる[原形-過去形-過去分詞形]","ビカム・ビケイム・ビカム","〜をする[原形-過去形-過去分詞形];持っていく[原形-過去形-過去分詞形];来る[原形-過去形-過去分詞形];〜を知っている[knowの過去分詞形]","come-came-come;become crazy about 〜;blow-blew-blown;swim-swam-swum"
"中3","Trick Your Eyes Part1・2","yet","[疑問文で]もう","イェット","じっくりと;これからずっと、今後は;次回(に);〜のすべて","but;art;me;just"
"中3","Trick Your Eyes Part1・2","clear","〜を片づける","クリア","〜をだます;〜を荷造りする;〜を傷つける;〜をする前に","club;closely;cloudy;carry"
"中3","Trick Your Eyes Part1・2","mirror","鏡","ミラー","ちょうど;髪を切る;じっくりと;次回(に)","Miller;most;me;history"
"中3","Trick Your Eyes Part1・2","isn't 〜?","〜ではないですか。","イズント","何回〜ですか。;幸運を。;あなたはどうですか。;私を～と呼んでください。","in ~;in total;not ~;I've"
"中3","Trick Your Eyes Part1・2","have a haircut","髪を切る","ハブ ア ヘアカット","ちょうど;じっくりと;次回(に);〜のすべて","get a haircut;haven't;hand in ~;take a look"
"中3","Trick Your Eyes Part3","been","[beの過去分詞形]","ビーン","眠る[原形-過去形];乗る[原形-過去形-過去分詞形];泳ぐ[原形-過去形-過去分詞形];行く[原形-過去形-過去分詞形]","behind;but;bud;ever"
"中3","Trick Your Eyes Part3","ever","今までに","エバー","見てみる;有名人;テント;サーフィン","everyone;never;end;love"
"中3","Trick Your Eyes Part3","never","1度も〜したことがない","ネバー","〜に違いない;痛い;すばらしい;～したい","ever;number;been;now"
"中3","Trick Your Eyes Part3","How many times 〜?","何回〜ですか。","ハウ メニー タイムズ","〜ではないですか。;幸運を。;あなたはどうですか。;私を～と呼んでください。","How about you ?;more and more 〜;hand in ~;hear of 〜"
"中3","Trick Your Eyes Part3","ride-rode-ridden","乗る[原形-過去形-過去分詞形]","ライド・ロード・リドゥン","泳ぐ[原形-過去形-過去分詞形];行く[原形-過去形-過去分詞形];[beの過去分詞形];眠る[原形-過去形]","take-took-taken;come-came-come;recovery;do-did-done"
"中3","Trick Your Eyes Part3","swim-swam-swum","泳ぐ[原形-過去形-過去分詞形]","スイム・スワム・スワム","乗る[原形-過去形-過去分詞形];行く[原形-過去形-過去分詞形];[beの過去分詞形];眠る[原形-過去形]","swimming;sleep-slept;sweet;come-came-come"
"中3","Trick Your Eyes Part3","sleep-slept","眠る[原形-過去形]","スリープ・スレプト","[beの過去分詞形];乗る[原形-過去形-過去分詞形];泳ぐ[原形-過去形-過去分詞形];行く[原形-過去形-過去分詞形]","silent;sweet;sculpture;suggest"
"中3","Trick Your Eyes Part3","go-went-gone","行く[原形-過去形-過去分詞形]","ゴー・ウェント・ゴーン","乗る[原形-過去形-過去分詞形];泳ぐ[原形-過去形-過去分詞形];[beの過去分詞形];眠る[原形-過去形]","do-did-done;someone;forget-forgot;great"
"中3","Trick Your Eyes Part3","celebrity","有名人","セレブリティ","テント;今までに;見てみる;サーフィン","century;ceiling;closely;clear"
"中3","Trick Your Eyes Part3","tent","テント","テント","有名人;今までに;見てみる;サーフィン","end;yet;take;the"
"中3","Trick Your Eyes Part3","surfing","サーフィン","サーフィン","今までに;見てみる;有名人;テント","survive;survivor;sunny;success"
"中3","Trick Your Eyes Part3","must","〜に違いない","マスト","1度も〜したことがない;痛い;すばらしい;～したい","most;just;move;me"
"中3","Trick Your Eyes Part3","take a look","見てみる","テイク ア ルック","今までに;有名人;テント;サーフィン","take part in ~;take;take-took-taken;trompe l'oeil"
"中3","Trick Your Eyes Part3","hear of 〜","〜のことを聞く","ヒア オブ","サーフィン;今までに;見てみる;有名人","hear;health;all of 〜;heavy"
"中3","Trick Your Eyes 本文","3-D Art Museum","3Dアート美術館","スリーディー アート ミュージアム","トロンプ・ルイユ;〜に夢中になる;ここに着く;玄関ホール","more and more 〜;end A with B;get here;〜 or so"
"中3","Trick Your Eyes 本文","get here","ここに着く","ゲット ヒア","玄関ホール;だまし絵;〜に夢中になる;3Dアート美術館","get a haircut;over there;next time;weather"
"中3","Trick Your Eyes 本文","entrance hall","玄関ホール","エントランス ホール","ここに着く;だまし絵;〜に夢中になる;3Dアート美術館","end A with B;enormously;trompe l'oeil;get here"
"中3","Trick Your Eyes 本文","reflect","〜を映す、反射する","リフレクト","〜を荷造りする;〜を(次の世代へ)渡す;〜を感動させる;〜を切り抜けて生き残る","reach;collect;recipe;recovery"
"中3","Trick Your Eyes 本文","painful","痛い","ペインフル","〜に違いない;1度も〜したことがない;重い;お互い","painter;partner;pack;print"
"中3","Trick Your Eyes 本文","become crazy about 〜","〜に夢中になる","ビカム クレイジー アバウト","3Dアート美術館;トロンプ・ルイユ;ここに着く;玄関ホール","become-became-become;be ready to ~;be affected by 〜;be dropped on 〜"
"中3","Trick Your Eyes 本文","trompe l'oeil","トロンプ・ルイユ","トロンプ ルイユ","3Dアート美術館;〜に夢中になる;ここに着く;玄関ホール","take a look;entrance hall;tragedy;from now on"
"中3","Trick Your Eyes 本文","optical illusion","だまし絵","オプティカル イリュージョン","ここに着く;玄関ホール;〜に夢中になる;3Dアート美術館","3-D Art Museum;trompe l'oeil;take a look;video clip"
"中3","Trick Your Eyes R&T・T&S","century","世紀","センチュリー","版画;婦人;教会;天井","ceiling;celebrity;church;injury"
"中3","Trick Your Eyes R&T・T&S","possible","可能な","ポッシブル","平らな;スペイン(人)の;フランス(人)の;明白な","postwar;portrait;Pozzo;pond"
"中3","Trick Your Eyes R&T・T&S","someone","だれか","サムワン","肖像画;ドーム;使い方;世紀","so;compose;southeast;dome"
"中3","Trick Your Eyes R&T・T&S","compose","〜を組み立てる、構成する","コンポーズ","〜を(次の世代へ)渡す;〜を切り抜けて生き残る;〜を映す、反射する;〜を荷造りする","complete;comic;collect;someone"
"中3","Trick Your Eyes R&T・T&S","print","版画","プリント","世紀;婦人;教会;天井","pond;painter;president;Pozzo"
"中3","Trick Your Eyes R&T・T&S","Pozzo","ポッツ[人の姓]","ポッツォ","アルチンボルド[人の姓];だれか;肖像画;ドーム","pond;power;print;portrait"
"中3","Trick Your Eyes R&T・T&S","portrait","肖像画","ポートレート","だれか;ドーム;使い方;世紀","postwar;Pozzo;power;pond"
"中3","Trick Your Eyes R&T・T&S","lady","婦人","レディ","世紀;版画;教会;天井","lately;love;low;call"
"中3","Trick Your Eyes R&T・T&S","dome","ドーム","ドーム","だれか;肖像画;使い方;世紀","don't;draw;love;pond"
"中3","Trick Your Eyes R&T・T&S","church","教会","チャーチ","世紀;版画;婦人;天井","comic;century;club;carry"
"中3","Trick Your Eyes R&T・T&S","ceiling","天井","シーリング","世紀;版画;婦人;教会","century;meeting;celebrity;church"
"中3","Trick Your Eyes R&T・T&S","Arcimboldo","アルチンボルド[人の姓]","アルチンボルド","ポッツ[人の姓];だれか;肖像画;ドーム","around;art;anime;audience"
"中3","Trick Your Eyes R&T・T&S","Spanish","スペイン(人)の","スパニッシュ","フランス(人)の;可能な;平らな;破壊的な","Japanese;French;success;suggest"
"中3","Trick Your Eyes R&T・T&S","flat","平らな","フラット","可能な;スペイン(人)の;フランス(人)の;明白な","fan;French;plan;lady"
"中3","Trick Your Eyes R&T・T&S","turn A upside down","Aを上下さかさまにする","ターン エー アップサイド ダウン","〜に熱中する;爆発する;～に加わる、参加する;演ずる、披露する","take part in ~;take a look;thousands of 〜;trompe l'oeil"
"中3","Trick Your Eyes R&T・T&S","usage","使い方","ユーセージ","だれか;肖像画;ドーム;世紀","stage;until;lady;dome"
"中3","Trick Your Eyes R&T・T&S","sculpture","彫刻","スカルプチャー","世紀;版画;婦人;教会","structure;century;school;someone"
"中3","Trick Your Eyes R&T・T&S","painter","画家","ペインター","世紀;版画;婦人;教会","painful;partner;print;power"
"中3","Trick Your Eyes R&T・T&S","pond","池","ポンド","世紀;版画;婦人;教会","Pozzo;power;print;dome"
"中3","Trick Your Eyes R&T・T&S","photograph","写真","フォトグラフ","世紀;版画;婦人;教会","portrait;partner;painter;print"
"中3","Trick Your Eyes R&T・T&S","French","フランス(人)の","フレンチ","スペイン(人)の;可能な;平らな;破壊的な","friend;from ~;flat;reach"
"中3","Passing Down Memories Part1・2","since","〜からずっと、〜して以来","シンス","ボランティア活動;ますます〜に;大多数(の);最近、この頃","sunny;stage;silent;sweet"
"中3","Passing Down Memories Part1・2","known","〜を知っている[knowの過去分詞形]","ノウン","吹き飛ばす[原形-過去形-過去分詞形];持っていく[原形-過去形-過去分詞形];〜をする[原形-過去形-過去分詞形];〜になる[原形-過去形-過去分詞形]","kill;now;keep;join"
"中3","Passing Down Memories Part1・2","pass away","亡くなる","パス アウェイ","それ自身;〜で苦しむ;〜かそこら;次の〜","pass down 〜;partner;painter;postwar"
"中3","Passing Down Memories Part1・2","more and more 〜","ますます〜に","モア アンド モア","大多数(の);最近、この頃;〜へ引っ越す;〜で苦しむ","move to 〜;model A after B;thousands of 〜;hear of 〜"
"中3","Passing Down Memories Part1・2","kill","〜を殺す","キル","〜を傷つける;〜をする前に;〜を感動させる;〜を(次の世代へ)渡す","keep;will;skill;known"
"中3","Passing Down Memories Part1・2","injure","〜を傷つける","インジャー","〜をする前に;〜を感動させる;〜を殺す;〜を(次の世代へ)渡す","injury;invite;introduce;interview"
"中3","Passing Down Memories Part1・2","ground","地面","グラウンド","次の〜;亡くなる;それ自身;〜で苦しむ","around;great;friend;pond"
"中3","Passing Down Memories Part1・2","most","大多数(の)","モースト","ますます〜に;最近、この頃;〜へ引っ越す;〜で苦しむ","move;must;me;just"
"中3","Passing Down Memories Part1・2","lately","最近、この頃","レイトリー","ますます〜に;大多数(の);〜へ引っ越す;〜で苦しむ","lady;love;itself;closely"
"中3","Passing Down Memories Part1・2","itself","それ自身","イットセルフ","亡くなる;〜で苦しむ;〜かそこら;次の〜","it'll;lately;injure;injury"
"中3","Passing Down Memories Part1・2","suffer from 〜","〜で苦しむ","サファー フロム","〜かそこら;亡くなる;ますます〜に;大多数(の)","die from 〜;move to 〜;survivor;surfing"
"中3","Passing Down Memories Part1・2","pass down 〜","〜を(次の世代へ)渡す","パス ダウン","〜を切り抜けて生き残る;〜を感動させる;〜を傷つける;〜をする前に","pass away;hand in ~;move to 〜;all of 〜"
"中3","Passing Down Memories Part1・2","move to 〜","〜へ引っ越す","ムーブ トゥ","ますます〜に;大多数(の);最近、この頃;〜で苦しむ","move;most;more and more 〜;be into 〜"
"中3","Passing Down Memories Part1・2","be into 〜","〜に熱中する","ビー イントゥ","爆発する;Aを上下さかさまにする;～に参加する;演ずる、披露する","be going to ~;be able to ~;be ready to ~;behind"
"中3","Passing Down Memories Part1・2","move","〜を感動させる","ムーブ","〜を傷つける;〜をする前に;〜を殺す;〜を(次の世代へ)渡す","most;move to 〜;me;love"
"中3","Passing Down Memories Part1・2","before 〜ing","〜をする前に","ビフォー","〜を傷つける;〜を感動させる;〜を殺す;〜を(次の世代へ)渡す","be into 〜;be able to ~;behind;be going to ~"
"中3","Passing Down Memories Part1・2","survive","〜を切り抜けて生き残る","サバイブ","〜を(次の世代へ)渡す;〜を感動させる;〜を傷つける;〜をする前に","survivor;surfing;suggest;success"
"中3","Passing Down Memories Part1・2","blow-blew-blown","吹き飛ばす[原形-過去形-過去分詞形]","ブロー・ブルー・ブローン","〜を知っている[knowの過去分詞形];持っていく[原形-過去形-過去分詞形];〜をする[原形-過去形-過去分詞形];〜になる[原形-過去形-過去分詞形]","be able to ~;go-went-gone;do-did-done;sleep-slept"
"中3","Passing Down Memories Part1・2","volunteer","ボランティア活動","ボランティア","ますます〜に;大多数(の);最近、この頃;〜へ引っ越す","painter;lately;weather;partner"
"中3","Passing Down Memories Part1・2","〜 or so","〜かそこら","オア ソー","〜で苦しむ;亡くなる;ますます〜に;大多数(の)","most;A and B;about ~;sign up"
"中3","Passing Down Memories Part1・2","the following 〜","次の〜","ザ フォローイング","亡くなる;地面;それ自身;〜で苦しむ","thousands of 〜;they'll;before 〜ing;die from 〜"
"中3","Passing Down Memories Part3","collect","〜を集める","コレクト","〜を保存する;〜をだます;〜を片づける;〜を殺す","compose;complete;comic;clear"
"中3","Passing Down Memories Part3","would","[willの過去形]","ウッド","[beの過去分詞形];眠る[原形-過去形];来る[原形-過去形-過去分詞形];乗る[原形-過去形-過去分詞形]","won't;wow;we'll;will"
"中3","Passing Down Memories Part3","over there","向こうに","オーバー ゼア","人物の像;30分;箱、ケース;何千もの〜","get here;move to 〜;weather;each other"
"中3","Passing Down Memories Part3","be affected by 〜","〜の影響を受ける","ビー アフェクテッド バイ","〜(が原因)で死ぬ;箱、ケース;何千もの〜;向こうに","be able to ~;be dropped on 〜;be ready to ~;be going to ~"
"中3","Passing Down Memories Part3","keep","〜を保存する","キープ","〜を集める;〜を片づける;〜を傷つける;〜をする前に","kill;send;step;been"
"中3","Passing Down Memories Part3","recovery","回復","リカバリー","けが;30分;向こうに;人物の像","recipe;reflect;reach;ever"
"中3","Passing Down Memories Part3","injury","けが","インジャリー","回復;30分;向こうに;人物の像","injure;invite;in ~;figure"
"中3","Passing Down Memories Part3","half","30分","ハーフ","向こうに;回復;けが;人物の像","hard;high;hear;health"
"中3","Passing Down Memories Part3","figure","人物の像","フィギュア","向こうに;30分;箱、ケース;何千もの〜","injury;friend;fan;degree"
"中3","Passing Down Memories Part3","case","箱、ケース","ケース","何千もの〜;向こうに;人物の像;30分","call;carry;club;half"
"中3","Passing Down Memories Part3","apparent","明白な","アパレント","可能な;平らな;無言の;永久の","Japanese;art;permanent;silent"
"中3","Passing Down Memories Part3","thousands of 〜","何千もの〜","サウザンズ オブ","箱、ケース;向こうに;人物の像;30分","thousand;hear of 〜;the following 〜;all of 〜"
"中3","Passing Down Memories Part3","model A after B","BをモデルとしてAをつくる","モデル エー アフター ビー","〜(が原因)で死ぬ;〜の影響を受ける;箱、ケース;何千もの〜","more and more 〜;move to 〜;end A with B;over there"
"中3","Passing Down Memories Part3","Good luck.","幸運を。","グッド ラック","何回〜ですか。;〜ではないですか。;あなたはどうですか。;私を～と呼んでください。","get here;ground;collect;over there"
"中3","Passing Down Memories Part3","die from 〜","〜(が原因)で死ぬ","ダイ フロム","〜の影響を受ける;箱、ケース;何千もの〜;BをモデルとしてAをつくる","suffer from 〜;hear of 〜;move to 〜;all of 〜"
"中3","Passing Down Memories 本文","explode","爆発する","エクスプロード","〜に熱中する;Aを上下さかさまにする;～に参加する;演ずる、披露する","everyone;end;complete;power"
"中3","Passing Down Memories 本文","structure","建物","ストラクチャー","破壊;悲劇;爆撃;生存者","sculpture;study;stage;survivor"
"中3","Passing Down Memories 本文","survivor","生存者","サバイバー","後遺症;非常に;建物;破壊","survive;surfing;success;sunny"
"中3","Passing Down Memories 本文","southeast","南東(の)","サウスイースト","一瞬にして;原爆ドーム;生存者;後遺症","South Africa;someone;success;suggest"
"中3","Passing Down Memories 本文","power","力","パワー","芽;建物;破壊;悲劇","Pozzo;pond;postwar;portrait"
"中3","Passing Down Memories 本文","destruction","破壊","デストラクション","建物;悲劇;爆撃;生存者","destructive;structure;degree;decide"
"中3","Passing Down Memories 本文","Brazil","ブラジル[国名]","ブラジル","約〜、およそ〜;〜に投下される;南東(の);一瞬にして","bombing;bud;behind;but"
"中3","Passing Down Memories 本文","aftereffect","後遺症","アフターエフェクト","生存者;非常に;建物;破壊","reflect;audience;apparent;around"
"中3","Passing Down Memories 本文","silent","無言の","サイレント","永久の;記念の;完全な;戦後の","since;sweet;send;sunny"
"中3","Passing Down Memories 本文","permanent","永久の","パーマネント","無言の;記念の;完全な;戦後の","perform;president;partner;print"
"中3","Passing Down Memories 本文","memorial","記念の","メモリアル","無言の;永久の;完全な;戦後の","meeting;me;mirror;move"
"中3","Passing Down Memories 本文","destructive","破壊的な","デストラクティブ","無言の;永久の;記念の;完全な","destruction;structure;decide;degree"
"中3","Passing Down Memories 本文","complete","完全な","コンプリート","無言の;永久の;記念の;戦後の","compose;comic;collect;clear"
"中3","Passing Down Memories 本文","instantly","一瞬にして","インスタントリー","南東(の);原爆ドーム;生存者;後遺症","injury;in total;interview;invite"
"中3","Passing Down Memories 本文","enormously","非常に","イノーマスリー","生存者;後遺症;建物;破壊","everyone;end;instantly;around"
"中3","Passing Down Memories 本文","around","約〜、およそ〜","アラウンド","〜に投下される;ブラジル[国名];南東(の);一瞬にして","ground;art;friend;pond"
"中3","Passing Down Memories 本文","be dropped on 〜","〜に投下される","ビー ドロップト オン","約〜、およそ〜;ブラジル[国名];南東(の);一瞬にして","be affected by 〜;be going to ~;be ready to ~;be able to ~"
"中3","Passing Down Memories 本文","Atomic Bomb Dome","原爆ドーム","アトミック ボム ドーム","南東(の);一瞬にして;生存者;後遺症","from now on;Arcimboldo;all of 〜;about ~"
"中3","Passing Down Memories 本文","transplant","〜を植え替える","トランスプラント","〜を荷造りする;〜を感動させる;〜を片づける;〜を傷つける","tragedy;trick;thousand;silent"
"中3","Passing Down Memories 本文","tragedy","悲劇","トラジェディ","建物;破壊;爆撃;生存者","transplant;trick;title;take"
"中3","Passing Down Memories 本文","bud","芽","バッド","力;建物;破壊;悲劇","but;end;been;behind"
"中3","Passing Down Memories 本文","bombing","爆撃","ボミング","建物;破壊;悲劇;生存者","behind;Brazil;bud;meeting"
"中3","Passing Down Memories 本文","postwar","戦後の","ポストウォー","無言の;永久の;記念の;完全な","power;possible;portrait;Pozzo"
